company,category,careers_link
Company Name,,Careers Link
Goldman Sachs,FRESHMAN & SOPHOMORE EARLY-INSIGHT PROGRAMS (PATH TO SUMMER 2027)   ·   112 companies,Apply →
J.P. Morgan,FRESHMAN & SOPHOMORE EARLY-INSIGHT PROGRAMS (PATH TO SUMMER 2027)   ·   112 companies,Apply →
Morgan Stanley,FRESHMAN & SOPHOMORE EARLY-INSIGHT PROGRAMS (PATH TO SUMMER 2027)   ·   112 companies,Apply →
Bank of America,FRESHMAN & SOPHOMORE EARLY-INSIGHT PROGRAMS (PATH TO SUMMER 2027)   ·   112 companies,Apply →
Citi,FRESHMAN & SOPHOMORE EARLY-INSIGHT PROGRAMS (PATH TO SUMMER 2027)   ·   112 companies,Apply →
Barclays,FRESHMAN & SOPHOMORE EARLY-INSIGHT PROGRAMS (PATH TO SUMMER 2027)   ·   112 companies,Apply →
Deutsche Bank,FRESHMAN & SOPHOMORE EARLY-INSIGHT PROGRAMS (PATH TO SUMMER 2027)   ·   112 companies,Apply →
UBS,FRESHMAN & SOPHOMORE EARLY-INSIGHT PROGRAMS (PATH TO SUMMER 2027)   ·   112 companies,Apply →
Wells Fargo,FRESHMAN & SOPHOMORE EARLY-INSIGHT PROGRAMS (PATH TO SUMMER 2027)   ·   112 companies,Apply →
Evercore,FRESHMAN & SOPHOMORE EARLY-INSIGHT PROGRAMS (PATH TO SUMMER 2027)   ·   112 companies,Apply →
Moelis & Company,FRESHMAN & SOPHOMORE EARLY-INSIGHT PROGRAMS (PATH TO SUMMER 2027)   ·   112 companies,Search →
Houlihan Lokey,FRESHMAN & SOPHOMORE EARLY-INSIGHT PROGRAMS (PATH TO SUMMER 2027)   ·   112 companies,Apply →
Lazard,FRESHMAN & SOPHOMORE EARLY-INSIGHT PROGRAMS (PATH TO SUMMER 2027)   ·   112 companies,Apply →
PJT Partners,FRESHMAN & SOPHOMORE EARLY-INSIGHT PROGRAMS (PATH TO SUMMER 2027)   ·   112 companies,Apply →
Centerview Partners,FRESHMAN & SOPHOMORE EARLY-INSIGHT PROGRAMS (PATH TO SUMMER 2027)   ·   112 companies,Apply →
Rothschild & Co.,FRESHMAN & SOPHOMORE EARLY-INSIGHT PROGRAMS (PATH TO SUMMER 2027)   ·   112 companies,Apply →
Perella Weinberg Partners,FRESHMAN & SOPHOMORE EARLY-INSIGHT PROGRAMS (PATH TO SUMMER 2027)   ·   112 companies,Apply →
Guggenheim Securities,FRESHMAN & SOPHOMORE EARLY-INSIGHT PROGRAMS (PATH TO SUMMER 2027)   ·   112 companies,Apply →
Raymond James,FRESHMAN & SOPHOMORE EARLY-INSIGHT PROGRAMS (PATH TO SUMMER 2027)   ·   112 companies,Apply →
William Blair,FRESHMAN & SOPHOMORE EARLY-INSIGHT PROGRAMS (PATH TO SUMMER 2027)   ·   112 companies,Apply →
KKR,FRESHMAN & SOPHOMORE EARLY-INSIGHT PROGRAMS (PATH TO SUMMER 2027)   ·   112 companies,Apply →
Blackstone,FRESHMAN & SOPHOMORE EARLY-INSIGHT PROGRAMS (PATH TO SUMMER 2027)   ·   112 companies,Apply →
Apollo Global Management,FRESHMAN & SOPHOMORE EARLY-INSIGHT PROGRAMS (PATH TO SUMMER 2027)   ·   112 companies,Apply →
The Carlyle Group,FRESHMAN & SOPHOMORE EARLY-INSIGHT PROGRAMS (PATH TO SUMMER 2027)   ·   112 companies,Apply →
Bain Capital,FRESHMAN & SOPHOMORE EARLY-INSIGHT PROGRAMS (PATH TO SUMMER 2027)   ·   112 companies,Apply →
Warburg Pincus,FRESHMAN & SOPHOMORE EARLY-INSIGHT PROGRAMS (PATH TO SUMMER 2027)   ·   112 companies,Apply →
General Atlantic,FRESHMAN & SOPHOMORE EARLY-INSIGHT PROGRAMS (PATH TO SUMMER 2027)   ·   112 companies,Apply →
TPG,FRESHMAN & SOPHOMORE EARLY-INSIGHT PROGRAMS (PATH TO SUMMER 2027)   ·   112 companies,Search →
Vista Equity Partners,FRESHMAN & SOPHOMORE EARLY-INSIGHT PROGRAMS (PATH TO SUMMER 2027)   ·   112 companies,Apply →
Ares Management,FRESHMAN & SOPHOMORE EARLY-INSIGHT PROGRAMS (PATH TO SUMMER 2027)   ·   112 companies,Apply →
McKinsey & Company,FRESHMAN & SOPHOMORE EARLY-INSIGHT PROGRAMS (PATH TO SUMMER 2027)   ·   112 companies,Apply →
BCG,FRESHMAN & SOPHOMORE EARLY-INSIGHT PROGRAMS (PATH TO SUMMER 2027)   ·   112 companies,Apply →
Bain & Company,FRESHMAN & SOPHOMORE EARLY-INSIGHT PROGRAMS (PATH TO SUMMER 2027)   ·   112 companies,Apply →
Deloitte,FRESHMAN & SOPHOMORE EARLY-INSIGHT PROGRAMS (PATH TO SUMMER 2027)   ·   112 companies,Apply →
PwC,FRESHMAN & SOPHOMORE EARLY-INSIGHT PROGRAMS (PATH TO SUMMER 2027)   ·   112 companies,Apply →
EY,FRESHMAN & SOPHOMORE EARLY-INSIGHT PROGRAMS (PATH TO SUMMER 2027)   ·   112 companies,Search →
KPMG,FRESHMAN & SOPHOMORE EARLY-INSIGHT PROGRAMS (PATH TO SUMMER 2027)   ·   112 companies,Apply →
Oliver Wyman,FRESHMAN & SOPHOMORE EARLY-INSIGHT PROGRAMS (PATH TO SUMMER 2027)   ·   112 companies,Apply →
Jane Street,FRESHMAN & SOPHOMORE EARLY-INSIGHT PROGRAMS (PATH TO SUMMER 2027)   ·   112 companies,Apply →
Susquehanna International Group (SIG),FRESHMAN & SOPHOMORE EARLY-INSIGHT PROGRAMS (PATH TO SUMMER 2027)   ·   112 companies,Search →
Optiver,FRESHMAN & SOPHOMORE EARLY-INSIGHT PROGRAMS (PATH TO SUMMER 2027)   ·   112 companies,Apply →
Two Sigma,FRESHMAN & SOPHOMORE EARLY-INSIGHT PROGRAMS (PATH TO SUMMER 2027)   ·   112 companies,Apply →
DRW,FRESHMAN & SOPHOMORE EARLY-INSIGHT PROGRAMS (PATH TO SUMMER 2027)   ·   112 companies,Search →
Akuna Capital,FRESHMAN & SOPHOMORE EARLY-INSIGHT PROGRAMS (PATH TO SUMMER 2027)   ·   112 companies,Apply →
Citadel Securities,FRESHMAN & SOPHOMORE EARLY-INSIGHT PROGRAMS (PATH TO SUMMER 2027)   ·   112 companies,Apply →
Citadel,FRESHMAN & SOPHOMORE EARLY-INSIGHT PROGRAMS (PATH TO SUMMER 2027)   ·   112 companies,Apply →
Point72,FRESHMAN & SOPHOMORE EARLY-INSIGHT PROGRAMS (PATH TO SUMMER 2027)   ·   112 companies,Apply →
IMC Trading,FRESHMAN & SOPHOMORE EARLY-INSIGHT PROGRAMS (PATH TO SUMMER 2027)   ·   112 companies,Apply →
Hudson River Trading,FRESHMAN & SOPHOMORE EARLY-INSIGHT PROGRAMS (PATH TO SUMMER 2027)   ·   112 companies,Apply →
Tower Research Capital,FRESHMAN & SOPHOMORE EARLY-INSIGHT PROGRAMS (PATH TO SUMMER 2027)   ·   112 companies,Apply →
Jump Trading,FRESHMAN & SOPHOMORE EARLY-INSIGHT PROGRAMS (PATH TO SUMMER 2027)   ·   112 companies,Apply →
Belvedere Trading,FRESHMAN & SOPHOMORE EARLY-INSIGHT PROGRAMS (PATH TO SUMMER 2027)   ·   112 companies,Apply →
Wolverine Trading,FRESHMAN & SOPHOMORE EARLY-INSIGHT PROGRAMS (PATH TO SUMMER 2027)   ·   112 companies,Apply →
Virtu Financial,FRESHMAN & SOPHOMORE EARLY-INSIGHT PROGRAMS (PATH TO SUMMER 2027)   ·   112 companies,Apply →
Five Rings,FRESHMAN & SOPHOMORE EARLY-INSIGHT PROGRAMS (PATH TO SUMMER 2027)   ·   112 companies,Apply →
Flow Traders,FRESHMAN & SOPHOMORE EARLY-INSIGHT PROGRAMS (PATH TO SUMMER 2027)   ·   112 companies,Apply →
HSBC,FRESHMAN & SOPHOMORE EARLY-INSIGHT PROGRAMS (PATH TO SUMMER 2027)   ·   112 companies,Search →
Nomura,FRESHMAN & SOPHOMORE EARLY-INSIGHT PROGRAMS (PATH TO SUMMER 2027)   ·   112 companies,Search →
Santander,FRESHMAN & SOPHOMORE EARLY-INSIGHT PROGRAMS (PATH TO SUMMER 2027)   ·   112 companies,Search →
Piper Sandler,FRESHMAN & SOPHOMORE EARLY-INSIGHT PROGRAMS (PATH TO SUMMER 2027)   ·   112 companies,Search →
Moelis & Co.,FRESHMAN & SOPHOMORE EARLY-INSIGHT PROGRAMS (PATH TO SUMMER 2027)   ·   112 companies,Search →
RBC Capital Markets,FRESHMAN & SOPHOMORE EARLY-INSIGHT PROGRAMS (PATH TO SUMMER 2027)   ·   112 companies,Search →
BMO Capital Markets,FRESHMAN & SOPHOMORE EARLY-INSIGHT PROGRAMS (PATH TO SUMMER 2027)   ·   112 companies,Search →
Scotiabank,FRESHMAN & SOPHOMORE EARLY-INSIGHT PROGRAMS (PATH TO SUMMER 2027)   ·   112 companies,Search →
CIBC,FRESHMAN & SOPHOMORE EARLY-INSIGHT PROGRAMS (PATH TO SUMMER 2027)   ·   112 companies,Search →
TD Securities,FRESHMAN & SOPHOMORE EARLY-INSIGHT PROGRAMS (PATH TO SUMMER 2027)   ·   112 companies,Search →
National Bank Financial,FRESHMAN & SOPHOMORE EARLY-INSIGHT PROGRAMS (PATH TO SUMMER 2027)   ·   112 companies,Search →
CPP Investments,FRESHMAN & SOPHOMORE EARLY-INSIGHT PROGRAMS (PATH TO SUMMER 2027)   ·   112 companies,Search →
Ontario Teachers' Pension Plan,FRESHMAN & SOPHOMORE EARLY-INSIGHT PROGRAMS (PATH TO SUMMER 2027)   ·   112 companies,Search →
Mizuho,FRESHMAN & SOPHOMORE EARLY-INSIGHT PROGRAMS (PATH TO SUMMER 2027)   ·   112 companies,Search →
Stifel,FRESHMAN & SOPHOMORE EARLY-INSIGHT PROGRAMS (PATH TO SUMMER 2027)   ·   112 companies,Search →
Jefferies,FRESHMAN & SOPHOMORE EARLY-INSIGHT PROGRAMS (PATH TO SUMMER 2027)   ·   112 companies,Search →
BNP Paribas,FRESHMAN & SOPHOMORE EARLY-INSIGHT PROGRAMS (PATH TO SUMMER 2027)   ·   112 companies,Search →
Societe Generale,FRESHMAN & SOPHOMORE EARLY-INSIGHT PROGRAMS (PATH TO SUMMER 2027)   ·   112 companies,Search →
Credit Agricole CIB,BULGE BRACKET   ·   10 companies,Apply →
LionTree,ELITE BOUTIQUE   ·   45 companies,Apply →
Greenhill,ELITE BOUTIQUE   ·   45 companies,Apply →
FT Partners,ELITE BOUTIQUE   ·   45 companies,Search →
Qatalyst Partners,ELITE BOUTIQUE   ·   45 companies,Apply →
Ardea Partners,ELITE BOUTIQUE   ·   45 companies,Search →
Raine Group,ELITE BOUTIQUE   ·   45 companies,Apply →
M. Klein & Company,ELITE BOUTIQUE   ·   45 companies,Search →
Robey Warshaw,ELITE BOUTIQUE   ·   45 companies,Search →
Zaoui & Co.,ELITE BOUTIQUE   ·   45 companies,Search →
Solebury Trout,ELITE BOUTIQUE   ·   45 companies,Search →
Union Square Advisors,ELITE BOUTIQUE   ·   45 companies,Search →
Ducera Partners,ELITE BOUTIQUE   ·   45 companies,Search →
MTS Partners,ELITE BOUTIQUE   ·   45 companies,Search →
Allen & Company,ELITE BOUTIQUE   ·   45 companies,Search →
Peter J. Solomon Company,ELITE BOUTIQUE   ·   45 companies,Search →
Greenhill Cogent,ELITE BOUTIQUE   ·   45 companies,Search →
Moulton Wilson,ELITE BOUTIQUE   ·   45 companies,Search →
Sagent Advisors,ELITE BOUTIQUE   ·   45 companies,Search →
BDT & MSD Partners,ELITE BOUTIQUE   ·   45 companies,Search →
Evercore ISI,ELITE BOUTIQUE   ·   45 companies,Search →
Fortress Advisors,ELITE BOUTIQUE   ·   45 companies,Search →
Signal Hill,ELITE BOUTIQUE   ·   45 companies,Search →
Gordian Group,ELITE BOUTIQUE   ·   45 companies,Search →
Configure Partners,ELITE BOUTIQUE   ·   45 companies,Search →
Livingstone Partners,ELITE BOUTIQUE   ·   45 companies,Search →
Harris Williams,ELITE BOUTIQUE   ·   45 companies,Search →
Solomon Partners,ELITE BOUTIQUE   ·   45 companies,Search →
Whitehall & Co.,ELITE BOUTIQUE   ·   45 companies,Search →
Cassel Salpeter,ELITE BOUTIQUE   ·   45 companies,Search →
Threadstone Advisors,ELITE BOUTIQUE   ·   45 companies,Search →
Cavenagh Advisors,ELITE BOUTIQUE   ·   45 companies,Search →
Cambridge International Partners,ELITE BOUTIQUE   ·   45 companies,Search →
Corporate Finance Advisors,ELITE BOUTIQUE   ·   45 companies,Search →
Marlin & Associates,ELITE BOUTIQUE   ·   45 companies,Search →
Union Circle Partners,ELITE BOUTIQUE   ·   45 companies,Search →
Truist Securities Advisory,ELITE BOUTIQUE   ·   45 companies,Search →
Standard Chartered,MIDDLE MARKET   ·   144 companies,Apply →
MarshBerry,MIDDLE MARKET   ·   144 companies,Search →
ArkMalibu,MIDDLE MARKET   ·   144 companies,Search →
Novelty Hill Capital,MIDDLE MARKET   ·   144 companies,Search →
Agentis Capital,MIDDLE MARKET   ·   144 companies,Search →
Chinook Capital Advisors,MIDDLE MARKET   ·   144 companies,Search →
Zachary Scott,MIDDLE MARKET   ·   144 companies,Search →
KeyBank,MIDDLE MARKET   ·   144 companies,Apply →
Hennepin Partners,MIDDLE MARKET   ·   144 companies,Search →
AQ Technology Partners,MIDDLE MARKET   ·   144 companies,Search →
Rockefeller Capital Management,MIDDLE MARKET   ·   144 companies,Search →
DC Advisory,MIDDLE MARKET   ·   144 companies,Search →
Truist,MIDDLE MARKET   ·   144 companies,Apply →
Macquarie Group,MIDDLE MARKET   ·   144 companies,Apply →
BDO Global,MIDDLE MARKET   ·   144 companies,Search →
ING,MIDDLE MARKET   ·   144 companies,Apply →
U.S. Bank,MIDDLE MARKET   ·   144 companies,Apply →
Provident Healthcare Partners,MIDDLE MARKET   ·   144 companies,Search →
Bridgepoint Investment Banking,MIDDLE MARKET   ·   144 companies,Search →
Ziegler,MIDDLE MARKET   ·   144 companies,Search →
PNC,MIDDLE MARKET   ·   144 companies,Apply →
BrightTower,MIDDLE MARKET   ·   144 companies,Search →
Equiteq,MIDDLE MARKET   ·   144 companies,Search →
Mesirow,MIDDLE MARKET   ·   144 companies,Search →
Citizens Financial Group,MIDDLE MARKET   ·   144 companies,Apply →
Cascadia Capital,MIDDLE MARKET   ·   144 companies,Search →
Fifth Third Bank,MIDDLE MARKET   ·   144 companies,Apply →
Capstone Partners,MIDDLE MARKET   ·   144 companies,Search →
Oppenheimer & Co.,MIDDLE MARKET   ·   144 companies,Search →
Rabobank,MIDDLE MARKET   ·   144 companies,Apply →
Huntington National Bank,MIDDLE MARKET   ·   144 companies,Search →
Lloyds Banking Group,MIDDLE MARKET   ·   144 companies,Apply →
Regions Bank,MIDDLE MARKET   ·   144 companies,Apply →
Northborne Partners,MIDDLE MARKET   ·   144 companies,Search →
Stephens,MIDDLE MARKET   ·   144 companies,Search →
Cantor Fitzgerald,MIDDLE MARKET   ·   144 companies,Search →
Aeris Partners,MIDDLE MARKET   ·   144 companies,Search →
Capital One,MIDDLE MARKET   ·   144 companies,Apply →
Guggenheim Partners,MIDDLE MARKET   ·   144 companies,Search →
Tidal Partners,MIDDLE MARKET   ·   144 companies,Search →
Brown Gibbons Lang & Company,MIDDLE MARKET   ·   144 companies,Search →
SMBC,MIDDLE MARKET   ·   144 companies,Apply →
JLL,MIDDLE MARKET   ·   144 companies,Search →
MUFG,MIDDLE MARKET   ·   144 companies,Apply →
Baird,MIDDLE MARKET   ·   144 companies,Apply →
Texas Capital Bank,MIDDLE MARKET   ·   144 companies,Search →
Lincoln International,MIDDLE MARKET   ·   144 companies,Search →
Stout,MIDDLE MARKET   ·   144 companies,Search →
Leerink Partners,MIDDLE MARKET   ·   144 companies,Search →
PMCF Investment Banking,MIDDLE MARKET   ·   144 companies,Search →
Eastdil Secured,MIDDLE MARKET   ·   144 companies,Search →
CMD Global Partners,MIDDLE MARKET   ·   144 companies,Search →
Q Advisors,MIDDLE MARKET   ·   144 companies,Search →
Shea & Company,MIDDLE MARKET   ·   144 companies,Search →
Campbell Lutyens,MIDDLE MARKET   ·   144 companies,Search →
BTIG,MIDDLE MARKET   ·   144 companies,Search →
D.A. Davidson,MIDDLE MARKET   ·   144 companies,Search →
GLC Advisors & Co,MIDDLE MARKET   ·   144 companies,Search →
Loop Capital,MIDDLE MARKET   ·   144 companies,Search →
Marathon Capital,MIDDLE MARKET   ·   144 companies,Search →
VantEdge Partners,MIDDLE MARKET   ·   144 companies,Search →
Wedbush Securities,MIDDLE MARKET   ·   144 companies,Search →
Robert W. Baird,MIDDLE MARKET   ·   144 companies,Search →
Janney Montgomery Scott,MIDDLE MARKET   ·   144 companies,Search →
KeyBanc Capital Markets,MIDDLE MARKET   ·   144 companies,Search →
Configure Partners LLC,MIDDLE MARKET   ·   144 companies,Search →
Focus Investment Banking,MIDDLE MARKET   ·   144 companies,Search →
Alantra,MIDDLE MARKET   ·   144 companies,Search →
Brown Advisory Investment Banking,MIDDLE MARKET   ·   144 companies,Search →
Whitehall & Co,MIDDLE MARKET   ·   144 companies,Search →
Cowen (TD Cowen),MIDDLE MARKET   ·   144 companies,Search →
Vaquero Capital,MIDDLE MARKET   ·   144 companies,Search →
SunTrust Robinson Humphrey (Truist Securities),MIDDLE MARKET   ·   144 companies,Search →
Intrepid Investment Bankers,MIDDLE MARKET   ·   144 companies,Search →
Harris Williams & Co.,MIDDLE MARKET   ·   144 companies,Search →
Robert F. White & Co,MIDDLE MARKET   ·   144 companies,Search →
Piper Jaffray (legacy),MIDDLE MARKET   ·   144 companies,Search →
Cain Brothers (KeyBanc Healthcare),MIDDLE MARKET   ·   144 companies,Search →
Signal Hill Holdings,MIDDLE MARKET   ·   144 companies,Search →
BGL (Brown Gibbons Lang),MIDDLE MARKET   ·   144 companies,Search →
Duff & Phelps (Kroll),MIDDLE MARKET   ·   144 companies,Search →
Kroll Investment Banking,MIDDLE MARKET   ·   144 companies,Search →
Configure Partners II,MIDDLE MARKET   ·   144 companies,Search →
Cascade Partners,MIDDLE MARKET   ·   144 companies,Search →
Western Reserve Partners,MIDDLE MARKET   ·   144 companies,Search →
MelCap Partners,MIDDLE MARKET   ·   144 companies,Search →
River Capital Advisors,MIDDLE MARKET   ·   144 companies,Search →
Boenning & Scattergood,MIDDLE MARKET   ·   144 companies,Search →
D.A. Davidson Financial Institutions Group,MIDDLE MARKET   ·   144 companies,Search →
Performance Trust Capital Partners,MIDDLE MARKET   ·   144 companies,Search →
Piper Sandler FIG,MIDDLE MARKET   ·   144 companies,Search →
Hovde Group,MIDDLE MARKET   ·   144 companies,Search →
"KBW (Keefe, Bruyette & Woods)",MIDDLE MARKET   ·   144 companies,Search →
"Sandler O'Neill (legacy, now Piper Sandler)",MIDDLE MARKET   ·   144 companies,Search →
StoneCastle Partners,MIDDLE MARKET   ·   144 companies,Search →
Commerce Street Capital,MIDDLE MARKET   ·   144 companies,Search →
Chardan Capital Markets,MIDDLE MARKET   ·   144 companies,Search →
ThinkEquity,MIDDLE MARKET   ·   144 companies,Search →
Roth Capital Partners,MIDDLE MARKET   ·   144 companies,Search →
Craig-Hallum Capital Group,MIDDLE MARKET   ·   144 companies,Search →
Northland Capital Markets,MIDDLE MARKET   ·   144 companies,Search →
B. Riley Securities,MIDDLE MARKET   ·   144 companies,Search →
Canaccord Genuity,MIDDLE MARKET   ·   144 companies,Search →
Needham & Company,MIDDLE MARKET   ·   144 companies,Search →
JMP Securities (Citizens),MIDDLE MARKET   ·   144 companies,Search →
Cowen and Company,MIDDLE MARKET   ·   144 companies,Search →
Berenberg Capital Markets,MIDDLE MARKET   ·   144 companies,Search →
Lake Street Capital Markets,MIDDLE MARKET   ·   144 companies,Search →
Maxim Group,MIDDLE MARKET   ·   144 companies,Search →
EF Hutton,MIDDLE MARKET   ·   144 companies,Search →
A.G.P. / Alliance Global Partners,MIDDLE MARKET   ·   144 companies,Search →
Torreya Partners,MIDDLE MARKET   ·   144 companies,Search →
MTS Health Partners,MIDDLE MARKET   ·   144 companies,Search →
"Tudor, Pickering, Holt & Co.",MIDDLE MARKET   ·   144 companies,Search →
Simmons Energy (Piper Sandler),MIDDLE MARKET   ·   144 companies,Search →
Petrie Partners,MIDDLE MARKET   ·   144 companies,Search →
Opportune LLP,MIDDLE MARKET   ·   144 companies,Search →
Waller Helms Advisors,MIDDLE MARKET   ·   144 companies,Search →
Newmark Investment Banking,MIDDLE MARKET   ·   144 companies,Search →
JLL Capital Markets,MIDDLE MARKET   ·   144 companies,Search →
CBRE Capital Markets,MIDDLE MARKET   ·   144 companies,Search →
Walker & Dunlop,MIDDLE MARKET   ·   144 companies,Search →
Level Equity,BUY-SIDE (PE / HF / VC / CREDIT / RE)   ·   248 companies,Search →
GIC,BUY-SIDE (PE / HF / VC / CREDIT / RE)   ·   248 companies,Apply →
Long Ridge,BUY-SIDE (PE / HF / VC / CREDIT / RE)   ·   248 companies,Search →
Walleye Capital,BUY-SIDE (PE / HF / VC / CREDIT / RE)   ·   248 companies,Search →
Waterfall Asset Management,BUY-SIDE (PE / HF / VC / CREDIT / RE)   ·   248 companies,Search →
AQR Capital Management,BUY-SIDE (PE / HF / VC / CREDIT / RE)   ·   248 companies,Search →
StepStone Group,BUY-SIDE (PE / HF / VC / CREDIT / RE)   ·   248 companies,Apply →
University Partners,BUY-SIDE (PE / HF / VC / CREDIT / RE)   ·   248 companies,Search →
Capula Investment Management,BUY-SIDE (PE / HF / VC / CREDIT / RE)   ·   248 companies,Search →
D.E. Shaw,BUY-SIDE (PE / HF / VC / CREDIT / RE)   ·   248 companies,Apply →
Brio Real Estate,BUY-SIDE (PE / HF / VC / CREDIT / RE)   ·   248 companies,Search →
Kline Hill Partners,BUY-SIDE (PE / HF / VC / CREDIT / RE)   ·   248 companies,Search →
Lead Edge Capital,BUY-SIDE (PE / HF / VC / CREDIT / RE)   ·   248 companies,Search →
Apogem Capital,BUY-SIDE (PE / HF / VC / CREDIT / RE)   ·   248 companies,Search →
Starwood Capital Group,BUY-SIDE (PE / HF / VC / CREDIT / RE)   ·   248 companies,Search →
Alpine Investors,BUY-SIDE (PE / HF / VC / CREDIT / RE)   ·   248 companies,Search →
Bridgewater Associates,BUY-SIDE (PE / HF / VC / CREDIT / RE)   ·   248 companies,Apply →
Arena Investors,BUY-SIDE (PE / HF / VC / CREDIT / RE)   ·   248 companies,Search →
Evergreen Services Group,BUY-SIDE (PE / HF / VC / CREDIT / RE)   ·   248 companies,Search →
Bessemer Venture Partners,BUY-SIDE (PE / HF / VC / CREDIT / RE)   ·   248 companies,Search →
Koch,BUY-SIDE (PE / HF / VC / CREDIT / RE)   ·   248 companies,Search →
PSG Equity,BUY-SIDE (PE / HF / VC / CREDIT / RE)   ·   248 companies,Search →
Millennium Management,BUY-SIDE (PE / HF / VC / CREDIT / RE)   ·   248 companies,Apply →
CIFC Asset Management,BUY-SIDE (PE / HF / VC / CREDIT / RE)   ·   248 companies,Search →
HarbourVest,BUY-SIDE (PE / HF / VC / CREDIT / RE)   ·   248 companies,Apply →
Capital Southwest,BUY-SIDE (PE / HF / VC / CREDIT / RE)   ·   248 companies,Search →
Ardian,BUY-SIDE (PE / HF / VC / CREDIT / RE)   ·   248 companies,Search →
Orion Group,BUY-SIDE (PE / HF / VC / CREDIT / RE)   ·   248 companies,Search →
GCM Grosvenor,BUY-SIDE (PE / HF / VC / CREDIT / RE)   ·   248 companies,Search →
GID,BUY-SIDE (PE / HF / VC / CREDIT / RE)   ·   248 companies,Search →
Bracebridge Capital,BUY-SIDE (PE / HF / VC / CREDIT / RE)   ·   248 companies,Search →
Battery,BUY-SIDE (PE / HF / VC / CREDIT / RE)   ·   248 companies,Search →
Audax Group,BUY-SIDE (PE / HF / VC / CREDIT / RE)   ·   248 companies,Search →
Access Holdings,BUY-SIDE (PE / HF / VC / CREDIT / RE)   ·   248 companies,Search →
Weiss Asset Management,BUY-SIDE (PE / HF / VC / CREDIT / RE)   ·   248 companies,Search →
Oak Hill Advisors,BUY-SIDE (PE / HF / VC / CREDIT / RE)   ·   248 companies,Search →
Balyasny Asset Management,BUY-SIDE (PE / HF / VC / CREDIT / RE)   ·   248 companies,Search →
PSP Investments,BUY-SIDE (PE / HF / VC / CREDIT / RE)   ·   248 companies,Search →
LLR Partners,BUY-SIDE (PE / HF / VC / CREDIT / RE)   ·   248 companies,Search →
Readystate,BUY-SIDE (PE / HF / VC / CREDIT / RE)   ·   248 companies,Search →
Silversmith Capital Partners,BUY-SIDE (PE / HF / VC / CREDIT / RE)   ·   248 companies,Search →
Roark Capital Group,BUY-SIDE (PE / HF / VC / CREDIT / RE)   ·   248 companies,Search →
ATLAS SP Partners,BUY-SIDE (PE / HF / VC / CREDIT / RE)   ·   248 companies,Search →
Sculptor Capital Management,BUY-SIDE (PE / HF / VC / CREDIT / RE)   ·   248 companies,Search →
Stone Point Capital,BUY-SIDE (PE / HF / VC / CREDIT / RE)   ·   248 companies,Search →
Insight Partners,BUY-SIDE (PE / HF / VC / CREDIT / RE)   ·   248 companies,Search →
The Riverside Company,BUY-SIDE (PE / HF / VC / CREDIT / RE)   ·   248 companies,Search →
Graham Partners,BUY-SIDE (PE / HF / VC / CREDIT / RE)   ·   248 companies,Search →
GTCR,BUY-SIDE (PE / HF / VC / CREDIT / RE)   ·   248 companies,Search →
K1 Investment Management,BUY-SIDE (PE / HF / VC / CREDIT / RE)   ·   248 companies,Search →
Temasek,BUY-SIDE (PE / HF / VC / CREDIT / RE)   ·   248 companies,Apply →
Nonantum Capital Partners,BUY-SIDE (PE / HF / VC / CREDIT / RE)   ·   248 companies,Search →
Brinley Partners,BUY-SIDE (PE / HF / VC / CREDIT / RE)   ·   248 companies,Search →
Neuberger Berman,BUY-SIDE (PE / HF / VC / CREDIT / RE)   ·   248 companies,Search →
Summit Partners,BUY-SIDE (PE / HF / VC / CREDIT / RE)   ·   248 companies,Search →
Sands Capital,BUY-SIDE (PE / HF / VC / CREDIT / RE)   ·   248 companies,Search →
Adams Street Partners,BUY-SIDE (PE / HF / VC / CREDIT / RE)   ·   248 companies,Search →
Susquehanna Growth Equity,BUY-SIDE (PE / HF / VC / CREDIT / RE)   ·   248 companies,Search →
AEW Capital Management,BUY-SIDE (PE / HF / VC / CREDIT / RE)   ·   248 companies,Search →
AgWest Farm Credit,BUY-SIDE (PE / HF / VC / CREDIT / RE)   ·   248 companies,Search →
Blue Owl Capital,BUY-SIDE (PE / HF / VC / CREDIT / RE)   ·   248 companies,Search →
Brevan Howard,BUY-SIDE (PE / HF / VC / CREDIT / RE)   ·   248 companies,Search →
Ethical Capital Partners,BUY-SIDE (PE / HF / VC / CREDIT / RE)   ·   248 companies,Search →
JMI Equity,BUY-SIDE (PE / HF / VC / CREDIT / RE)   ·   248 companies,Search →
M31 Capital,BUY-SIDE (PE / HF / VC / CREDIT / RE)   ·   248 companies,Search →
Stellex Capital Management,BUY-SIDE (PE / HF / VC / CREDIT / RE)   ·   248 companies,Search →
Verition Fund Management,BUY-SIDE (PE / HF / VC / CREDIT / RE)   ·   248 companies,Search →
TPG Capital,BUY-SIDE (PE / HF / VC / CREDIT / RE)   ·   248 companies,Apply →
Advent International,BUY-SIDE (PE / HF / VC / CREDIT / RE)   ·   248 companies,Apply →
Thoma Bravo,BUY-SIDE (PE / HF / VC / CREDIT / RE)   ·   248 companies,Apply →
Silver Lake Partners,BUY-SIDE (PE / HF / VC / CREDIT / RE)   ·   248 companies,Apply →
Hellman & Friedman,BUY-SIDE (PE / HF / VC / CREDIT / RE)   ·   248 companies,Search →
"Clayton, Dubilier & Rice",BUY-SIDE (PE / HF / VC / CREDIT / RE)   ·   248 companies,Search →
Leonard Green & Partners,BUY-SIDE (PE / HF / VC / CREDIT / RE)   ·   248 companies,Search →
Francisco Partners,BUY-SIDE (PE / HF / VC / CREDIT / RE)   ·   248 companies,Search →
Providence Equity Partners,BUY-SIDE (PE / HF / VC / CREDIT / RE)   ·   248 companies,Search →
New Mountain Capital,BUY-SIDE (PE / HF / VC / CREDIT / RE)   ·   248 companies,Search →
Berkshire Partners,BUY-SIDE (PE / HF / VC / CREDIT / RE)   ·   248 companies,Search →
American Securities,BUY-SIDE (PE / HF / VC / CREDIT / RE)   ·   248 companies,Search →
Cerberus Capital Management,BUY-SIDE (PE / HF / VC / CREDIT / RE)   ·   248 companies,Search →
Angelo Gordon,BUY-SIDE (PE / HF / VC / CREDIT / RE)   ·   248 companies,Search →
Fortress Investment Group,BUY-SIDE (PE / HF / VC / CREDIT / RE)   ·   248 companies,Search →
Elliott Management,BUY-SIDE (PE / HF / VC / CREDIT / RE)   ·   248 companies,Apply →
Paulson & Co.,BUY-SIDE (PE / HF / VC / CREDIT / RE)   ·   248 companies,Search →
Third Point,BUY-SIDE (PE / HF / VC / CREDIT / RE)   ·   248 companies,Search →
Viking Global Investors,BUY-SIDE (PE / HF / VC / CREDIT / RE)   ·   248 companies,Search →
Coatue Management,BUY-SIDE (PE / HF / VC / CREDIT / RE)   ·   248 companies,Search →
Tiger Global Management,BUY-SIDE (PE / HF / VC / CREDIT / RE)   ·   248 companies,Search →
Lone Pine Capital,BUY-SIDE (PE / HF / VC / CREDIT / RE)   ·   248 companies,Search →
D1 Capital Partners,BUY-SIDE (PE / HF / VC / CREDIT / RE)   ·   248 companies,Search →
Two Sigma Investments,BUY-SIDE (PE / HF / VC / CREDIT / RE)   ·   248 companies,Apply →
Marshall Wace,BUY-SIDE (PE / HF / VC / CREDIT / RE)   ·   248 companies,Search →
ExodusPoint Capital Management,BUY-SIDE (PE / HF / VC / CREDIT / RE)   ·   248 companies,Search →
Schonfeld Strategic Advisors,BUY-SIDE (PE / HF / VC / CREDIT / RE)   ·   248 companies,Search →
Man Group,BUY-SIDE (PE / HF / VC / CREDIT / RE)   ·   248 companies,Apply →
Baupost Group,BUY-SIDE (PE / HF / VC / CREDIT / RE)   ·   248 companies,Search →
York Capital Management,BUY-SIDE (PE / HF / VC / CREDIT / RE)   ·   248 companies,Search →
Davidson Kempner Capital Management,BUY-SIDE (PE / HF / VC / CREDIT / RE)   ·   248 companies,Search →
Anchorage Capital Group,BUY-SIDE (PE / HF / VC / CREDIT / RE)   ·   248 companies,Search →
Farallon Capital Management,BUY-SIDE (PE / HF / VC / CREDIT / RE)   ·   248 companies,Search →
Canyon Partners,BUY-SIDE (PE / HF / VC / CREDIT / RE)   ·   248 companies,Search →
GoldenTree Asset Management,BUY-SIDE (PE / HF / VC / CREDIT / RE)   ·   248 companies,Search →
Silver Point Capital,BUY-SIDE (PE / HF / VC / CREDIT / RE)   ·   248 companies,Search →
Whitebox Advisors,BUY-SIDE (PE / HF / VC / CREDIT / RE)   ·   248 companies,Search →
Pershing Square Capital Management,BUY-SIDE (PE / HF / VC / CREDIT / RE)   ·   248 companies,Search →
Greenlight Capital,BUY-SIDE (PE / HF / VC / CREDIT / RE)   ·   248 companies,Search →
Glenview Capital Management,BUY-SIDE (PE / HF / VC / CREDIT / RE)   ·   248 companies,Search →
Sequoia Capital,BUY-SIDE (PE / HF / VC / CREDIT / RE)   ·   248 companies,Apply →
Andreessen Horowitz,BUY-SIDE (PE / HF / VC / CREDIT / RE)   ·   248 companies,Apply →
Accel,BUY-SIDE (PE / HF / VC / CREDIT / RE)   ·   248 companies,Apply →
Kleiner Perkins,BUY-SIDE (PE / HF / VC / CREDIT / RE)   ·   248 companies,Search →
Lightspeed Venture Partners,BUY-SIDE (PE / HF / VC / CREDIT / RE)   ·   248 companies,Search →
Benchmark Capital,BUY-SIDE (PE / HF / VC / CREDIT / RE)   ·   248 companies,Search →
General Catalyst,BUY-SIDE (PE / HF / VC / CREDIT / RE)   ·   248 companies,Search →
Index Ventures,BUY-SIDE (PE / HF / VC / CREDIT / RE)   ·   248 companies,Search →
Bain Capital Ventures,BUY-SIDE (PE / HF / VC / CREDIT / RE)   ·   248 companies,Search →
Tiger Global (Private Investment),BUY-SIDE (PE / HF / VC / CREDIT / RE)   ·   248 companies,Search →
Founders Fund,BUY-SIDE (PE / HF / VC / CREDIT / RE)   ·   248 companies,Search →
Thrive Capital,BUY-SIDE (PE / HF / VC / CREDIT / RE)   ·   248 companies,Search →
Brookfield Asset Management,BUY-SIDE (PE / HF / VC / CREDIT / RE)   ·   248 companies,Apply →
Global Infrastructure Partners,BUY-SIDE (PE / HF / VC / CREDIT / RE)   ·   248 companies,Search →
Stonepeak Infrastructure Partners,BUY-SIDE (PE / HF / VC / CREDIT / RE)   ·   248 companies,Search →
EQT Infrastructure,BUY-SIDE (PE / HF / VC / CREDIT / RE)   ·   248 companies,Search →
KKR Infrastructure,BUY-SIDE (PE / HF / VC / CREDIT / RE)   ·   248 companies,Search →
Digital Bridge,BUY-SIDE (PE / HF / VC / CREDIT / RE)   ·   248 companies,Search →
Related Companies,BUY-SIDE (PE / HF / VC / CREDIT / RE)   ·   248 companies,Search →
Tishman Speyer,BUY-SIDE (PE / HF / VC / CREDIT / RE)   ·   248 companies,Search →
Hines,BUY-SIDE (PE / HF / VC / CREDIT / RE)   ·   248 companies,Search →
AvalonBay Communities,BUY-SIDE (PE / HF / VC / CREDIT / RE)   ·   248 companies,Search →
Rockpoint Group,BUY-SIDE (PE / HF / VC / CREDIT / RE)   ·   248 companies,Search →
Colony Capital,BUY-SIDE (PE / HF / VC / CREDIT / RE)   ·   248 companies,Search →
Beacon Capital Partners,BUY-SIDE (PE / HF / VC / CREDIT / RE)   ·   248 companies,Search →
Angelo Gordon Real Estate,BUY-SIDE (PE / HF / VC / CREDIT / RE)   ·   248 companies,Search →
Oaktree Capital Management,BUY-SIDE (PE / HF / VC / CREDIT / RE)   ·   248 companies,Apply →
PIMCO,BUY-SIDE (PE / HF / VC / CREDIT / RE)   ·   248 companies,Apply →
MetLife Investment Management,BUY-SIDE (PE / HF / VC / CREDIT / RE)   ·   248 companies,Search →
Nuveen,BUY-SIDE (PE / HF / VC / CREDIT / RE)   ·   248 companies,Apply →
Prudential Private Capital,BUY-SIDE (PE / HF / VC / CREDIT / RE)   ·   248 companies,Search →
Golub Capital,BUY-SIDE (PE / HF / VC / CREDIT / RE)   ·   248 companies,Apply →
Owl Rock Capital (Blue Owl),BUY-SIDE (PE / HF / VC / CREDIT / RE)   ·   248 companies,Search →
Antares Capital,BUY-SIDE (PE / HF / VC / CREDIT / RE)   ·   248 companies,Search →
Monroe Capital,BUY-SIDE (PE / HF / VC / CREDIT / RE)   ·   248 companies,Search →
TCW Direct Lending,BUY-SIDE (PE / HF / VC / CREDIT / RE)   ·   248 companies,Search →
BC Partners,BUY-SIDE (PE / HF / VC / CREDIT / RE)   ·   248 companies,Search →
Apax Partners,BUY-SIDE (PE / HF / VC / CREDIT / RE)   ·   248 companies,Search →
EQT Partners,BUY-SIDE (PE / HF / VC / CREDIT / RE)   ·   248 companies,Search →
Permira,BUY-SIDE (PE / HF / VC / CREDIT / RE)   ·   248 companies,Search →
CVC Capital Partners,BUY-SIDE (PE / HF / VC / CREDIT / RE)   ·   248 companies,Search →
Bregal Partners,BUY-SIDE (PE / HF / VC / CREDIT / RE)   ·   248 companies,Search →
Court Square Capital Partners,BUY-SIDE (PE / HF / VC / CREDIT / RE)   ·   248 companies,Search →
H.I.G. Capital,BUY-SIDE (PE / HF / VC / CREDIT / RE)   ·   248 companies,Search →
Sun Capital Partners,BUY-SIDE (PE / HF / VC / CREDIT / RE)   ·   248 companies,Search →
Sycamore Partners,BUY-SIDE (PE / HF / VC / CREDIT / RE)   ·   248 companies,Search →
Charlesbank Capital Partners,BUY-SIDE (PE / HF / VC / CREDIT / RE)   ·   248 companies,Search →
Investcorp,BUY-SIDE (PE / HF / VC / CREDIT / RE)   ·   248 companies,Search →
Kohlberg & Company,BUY-SIDE (PE / HF / VC / CREDIT / RE)   ·   248 companies,Search →
"Welsh, Carson, Anderson & Stowe",BUY-SIDE (PE / HF / VC / CREDIT / RE)   ·   248 companies,Search →
Genstar Capital,BUY-SIDE (PE / HF / VC / CREDIT / RE)   ·   248 companies,Search →
Golden Gate Capital,BUY-SIDE (PE / HF / VC / CREDIT / RE)   ·   248 companies,Search →
Wynnchurch Capital,BUY-SIDE (PE / HF / VC / CREDIT / RE)   ·   248 companies,Search →
Trilantic Capital Partners,BUY-SIDE (PE / HF / VC / CREDIT / RE)   ·   248 companies,Search →
Frontenac Company,BUY-SIDE (PE / HF / VC / CREDIT / RE)   ·   248 companies,Search →
Wind Point Partners,BUY-SIDE (PE / HF / VC / CREDIT / RE)   ·   248 companies,Search →
Wafra Inc.,BUY-SIDE (PE / HF / VC / CREDIT / RE)   ·   248 companies,Search →
Aquiline Capital Partners,BUY-SIDE (PE / HF / VC / CREDIT / RE)   ·   248 companies,Search →
Lightyear Capital,BUY-SIDE (PE / HF / VC / CREDIT / RE)   ·   248 companies,Search →
Stone Point Capital II,BUY-SIDE (PE / HF / VC / CREDIT / RE)   ·   248 companies,Search →
FFL Partners,BUY-SIDE (PE / HF / VC / CREDIT / RE)   ·   248 companies,Search →
Palladium Equity Partners,BUY-SIDE (PE / HF / VC / CREDIT / RE)   ·   248 companies,Search →
Gryphon Investors,BUY-SIDE (PE / HF / VC / CREDIT / RE)   ·   248 companies,Search →
Kelso & Company,BUY-SIDE (PE / HF / VC / CREDIT / RE)   ·   248 companies,Search →
MidOcean Partners,BUY-SIDE (PE / HF / VC / CREDIT / RE)   ·   248 companies,Search →
Windjammer Capital Investors,BUY-SIDE (PE / HF / VC / CREDIT / RE)   ·   248 companies,Search →
Blue Point Capital Partners,BUY-SIDE (PE / HF / VC / CREDIT / RE)   ·   248 companies,Search →
Baird Capital,BUY-SIDE (PE / HF / VC / CREDIT / RE)   ·   248 companies,Search →
Huron Capital,BUY-SIDE (PE / HF / VC / CREDIT / RE)   ·   248 companies,Search →
Peninsula Capital Partners,BUY-SIDE (PE / HF / VC / CREDIT / RE)   ·   248 companies,Search →
Riverside Partners,BUY-SIDE (PE / HF / VC / CREDIT / RE)   ·   248 companies,Search →
ShoreView Industries,BUY-SIDE (PE / HF / VC / CREDIT / RE)   ·   248 companies,Search →
Pfingsten Partners,BUY-SIDE (PE / HF / VC / CREDIT / RE)   ·   248 companies,Search →
Prairie Capital,BUY-SIDE (PE / HF / VC / CREDIT / RE)   ·   248 companies,Search →
Blackford Capital,BUY-SIDE (PE / HF / VC / CREDIT / RE)   ·   248 companies,Search →
Compass Group Equity Partners,BUY-SIDE (PE / HF / VC / CREDIT / RE)   ·   248 companies,Search →
Long Point Capital,BUY-SIDE (PE / HF / VC / CREDIT / RE)   ·   248 companies,Search →
Boyne Capital,BUY-SIDE (PE / HF / VC / CREDIT / RE)   ·   248 companies,Search →
Trivest Partners,BUY-SIDE (PE / HF / VC / CREDIT / RE)   ·   248 companies,Search →
Comvest Partners,BUY-SIDE (PE / HF / VC / CREDIT / RE)   ·   248 companies,Search →
Kanders & Company,BUY-SIDE (PE / HF / VC / CREDIT / RE)   ·   248 companies,Search →
Tailwind Capital,BUY-SIDE (PE / HF / VC / CREDIT / RE)   ·   248 companies,Search →
Wicks Group,BUY-SIDE (PE / HF / VC / CREDIT / RE)   ·   248 companies,Search →
Prospect Partners,BUY-SIDE (PE / HF / VC / CREDIT / RE)   ·   248 companies,Search →
Highview Capital,BUY-SIDE (PE / HF / VC / CREDIT / RE)   ·   248 companies,Search →
Palm Beach Capital,BUY-SIDE (PE / HF / VC / CREDIT / RE)   ·   248 companies,Search →
Argosy Private Equity,BUY-SIDE (PE / HF / VC / CREDIT / RE)   ·   248 companies,Search →
NewSpring Capital,BUY-SIDE (PE / HF / VC / CREDIT / RE)   ·   248 companies,Search →
LFM Capital,BUY-SIDE (PE / HF / VC / CREDIT / RE)   ·   248 companies,Search →
Peak Rock Capital,BUY-SIDE (PE / HF / VC / CREDIT / RE)   ·   248 companies,Search →
Insight Equity,BUY-SIDE (PE / HF / VC / CREDIT / RE)   ·   248 companies,Search →
Kainos Capital,BUY-SIDE (PE / HF / VC / CREDIT / RE)   ·   248 companies,Search →
Brentwood Associates,BUY-SIDE (PE / HF / VC / CREDIT / RE)   ·   248 companies,Search →
Freeman Spogli & Co.,BUY-SIDE (PE / HF / VC / CREDIT / RE)   ·   248 companies,Search →
Levine Leichtman Capital Partners,BUY-SIDE (PE / HF / VC / CREDIT / RE)   ·   248 companies,Search →
Shamrock Capital Advisors,BUY-SIDE (PE / HF / VC / CREDIT / RE)   ·   248 companies,Search →
Century Park Capital Partners,BUY-SIDE (PE / HF / VC / CREDIT / RE)   ·   248 companies,Search →
Behrman Capital,BUY-SIDE (PE / HF / VC / CREDIT / RE)   ·   248 companies,Search →
Snow Phipps Group,BUY-SIDE (PE / HF / VC / CREDIT / RE)   ·   248 companies,Search →
Corsair Capital,BUY-SIDE (PE / HF / VC / CREDIT / RE)   ·   248 companies,Search →
Blue Wolf Capital Partners,BUY-SIDE (PE / HF / VC / CREDIT / RE)   ·   248 companies,Search →
Bertram Capital,BUY-SIDE (PE / HF / VC / CREDIT / RE)   ·   248 companies,Search →
Ridgemont Equity Partners,BUY-SIDE (PE / HF / VC / CREDIT / RE)   ·   248 companies,Search →
Frontier Capital,BUY-SIDE (PE / HF / VC / CREDIT / RE)   ·   248 companies,Search →
Falfurrias Capital Partners,BUY-SIDE (PE / HF / VC / CREDIT / RE)   ·   248 companies,Search →
Pamlico Capital,BUY-SIDE (PE / HF / VC / CREDIT / RE)   ·   248 companies,Search →
Sentinel Capital Partners,BUY-SIDE (PE / HF / VC / CREDIT / RE)   ·   248 companies,Search →
Comvest Credit Partners,BUY-SIDE (PE / HF / VC / CREDIT / RE)   ·   248 companies,Search →
Crescent Capital Group,BUY-SIDE (PE / HF / VC / CREDIT / RE)   ·   248 companies,Search →
Guggenheim Credit Income Fund,BUY-SIDE (PE / HF / VC / CREDIT / RE)   ·   248 companies,Search →
Barings Private Credit,BUY-SIDE (PE / HF / VC / CREDIT / RE)   ·   248 companies,Search →
PennantPark Floating Rate Capital,BUY-SIDE (PE / HF / VC / CREDIT / RE)   ·   248 companies,Search →
Ares Direct Lending,BUY-SIDE (PE / HF / VC / CREDIT / RE)   ·   248 companies,Search →
Owl Rock Technology Finance,BUY-SIDE (PE / HF / VC / CREDIT / RE)   ·   248 companies,Search →
Twin Brook Capital Partners,BUY-SIDE (PE / HF / VC / CREDIT / RE)   ·   248 companies,Search →
Maranon Capital,BUY-SIDE (PE / HF / VC / CREDIT / RE)   ·   248 companies,Search →
NXT Capital,BUY-SIDE (PE / HF / VC / CREDIT / RE)   ·   248 companies,Search →
Deerpath Capital Management,BUY-SIDE (PE / HF / VC / CREDIT / RE)   ·   248 companies,Search →
Wingspire Capital,BUY-SIDE (PE / HF / VC / CREDIT / RE)   ·   248 companies,Search →
BC Partners Credit,BUY-SIDE (PE / HF / VC / CREDIT / RE)   ·   248 companies,Search →
Crestline Investors,BUY-SIDE (PE / HF / VC / CREDIT / RE)   ·   248 companies,Search →
Cross Ocean Partners,BUY-SIDE (PE / HF / VC / CREDIT / RE)   ·   248 companies,Search →
Diameter Capital Partners,BUY-SIDE (PE / HF / VC / CREDIT / RE)   ·   248 companies,Search →
Corient,ASSET MANAGEMENT   ·   70 companies,Search →
Affinius Capital,ASSET MANAGEMENT   ·   70 companies,Search →
BlackRock,ASSET MANAGEMENT   ·   70 companies,Apply →
Vanguard,ASSET MANAGEMENT   ·   70 companies,Apply →
T. Rowe Price,ASSET MANAGEMENT   ·   70 companies,Apply →
Barings,ASSET MANAGEMENT   ·   70 companies,Search →
Rothesay,ASSET MANAGEMENT   ·   70 companies,Search →
UVIMCO,ASSET MANAGEMENT   ·   70 companies,Search →
PGIM,ASSET MANAGEMENT   ·   70 companies,Search →
Fidelity Investments,ASSET MANAGEMENT   ·   70 companies,Apply →
Dodge & Cox,ASSET MANAGEMENT   ·   70 companies,Apply →
TCW,ASSET MANAGEMENT   ·   70 companies,Search →
CBRE,ASSET MANAGEMENT   ·   70 companies,Search →
Capital Group,ASSET MANAGEMENT   ·   70 companies,Apply →
Wealthspire Advisors,ASSET MANAGEMENT   ·   70 companies,Search →
Abdiel Capital,ASSET MANAGEMENT   ·   70 companies,Search →
AllianceBernstein,ASSET MANAGEMENT   ·   70 companies,Search →
Fidelity International,ASSET MANAGEMENT   ·   70 companies,Search →
Wellington Management,ASSET MANAGEMENT   ·   70 companies,Apply →
Franklin Templeton,ASSET MANAGEMENT   ·   70 companies,Apply →
Invesco,ASSET MANAGEMENT   ·   70 companies,Apply →
Janus Henderson,ASSET MANAGEMENT   ·   70 companies,Apply →
Legg Mason (Franklin),ASSET MANAGEMENT   ·   70 companies,Search →
MFS Investment Management,ASSET MANAGEMENT   ·   70 companies,Search →
Putnam Investments,ASSET MANAGEMENT   ·   70 companies,Search →
Eaton Vance (Morgan Stanley IM),ASSET MANAGEMENT   ·   70 companies,Search →
Loomis Sayles,ASSET MANAGEMENT   ·   70 companies,Search →
Artisan Partners,ASSET MANAGEMENT   ·   70 companies,Search →
Harris Associates,ASSET MANAGEMENT   ·   70 companies,Search →
Ariel Investments,ASSET MANAGEMENT   ·   70 companies,Search →
William Blair Investment Management,ASSET MANAGEMENT   ·   70 companies,Search →
Neuberger Berman AM,ASSET MANAGEMENT   ·   70 companies,Search →
Cohen & Steers,ASSET MANAGEMENT   ·   70 companies,Search →
AQR Asset Management,ASSET MANAGEMENT   ·   70 companies,Search →
Voya Investment Management,ASSET MANAGEMENT   ·   70 companies,Search →
Brown Brothers Harriman Investment Management,ASSET MANAGEMENT   ·   70 companies,Search →
Northern Trust Asset Management,ASSET MANAGEMENT   ·   70 companies,Apply →
State Street Global Advisors,ASSET MANAGEMENT   ·   70 companies,Apply →
BNY Mellon Investment Management,ASSET MANAGEMENT   ·   70 companies,Search →
Goldman Sachs Asset Management,ASSET MANAGEMENT   ·   70 companies,Apply →
Morgan Stanley Investment Management,ASSET MANAGEMENT   ·   70 companies,Apply →
J.P. Morgan Asset Management,ASSET MANAGEMENT   ·   70 companies,Apply →
Allianz Global Investors,ASSET MANAGEMENT   ·   70 companies,Search →
Amundi US,ASSET MANAGEMENT   ·   70 companies,Search →
Nuveen Asset Management,ASSET MANAGEMENT   ·   70 companies,Search →
Federated Hermes,ASSET MANAGEMENT   ·   70 companies,Search →
Victory Capital,ASSET MANAGEMENT   ·   70 companies,Search →
Diamond Hill Capital Management,ASSET MANAGEMENT   ·   70 companies,Search →
"Tweedy, Browne",ASSET MANAGEMENT   ·   70 companies,Search →
First Eagle Investment Management,ASSET MANAGEMENT   ·   70 companies,Search →
Baron Capital,ASSET MANAGEMENT   ·   70 companies,Search →
GMO,ASSET MANAGEMENT   ·   70 companies,Search →
Grantham Mayo Van Otterloo,ASSET MANAGEMENT   ·   70 companies,Search →
Longleaf Partners,ASSET MANAGEMENT   ·   70 companies,Search →
Third Avenue Management,ASSET MANAGEMENT   ·   70 companies,Search →
Vulcan Value Partners,ASSET MANAGEMENT   ·   70 companies,Search →
Davis Advisors,ASSET MANAGEMENT   ·   70 companies,Search →
Weitz Investment Management,ASSET MANAGEMENT   ·   70 companies,Search →
Gabelli Funds,ASSET MANAGEMENT   ·   70 companies,Search →
Royce Investment Partners,ASSET MANAGEMENT   ·   70 companies,Search →
Calamos Investments,ASSET MANAGEMENT   ·   70 companies,Search →
Nuance Investments,ASSET MANAGEMENT   ·   70 companies,Search →
Polen Capital,ASSET MANAGEMENT   ·   70 companies,Search →
ClearBridge Investments,ASSET MANAGEMENT   ·   70 companies,Search →
Cambiar Investors,ASSET MANAGEMENT   ·   70 companies,Search →
Aristotle Capital Management,ASSET MANAGEMENT   ·   70 companies,Search →
Brandywine Global,ASSET MANAGEMENT   ·   70 companies,Search →
Westwood Holdings Group,ASSET MANAGEMENT   ·   70 companies,Search →
EY (Ernst & Young),BIG 4   ·   4 companies,Apply →
AlixPartners,CONSULTING   ·   45 companies,Search →
Alvarez & Marsal,CONSULTING   ·   45 companies,Apply →
Berkeley Research Group,CONSULTING   ·   45 companies,Search →
BRG,CONSULTING   ·   45 companies,Search →
Protiviti,CONSULTING   ·   45 companies,Search →
Altman Solon,CONSULTING   ·   45 companies,Search →
Charles River Associates,CONSULTING   ·   45 companies,Search →
FTI Consulting,CONSULTING   ·   45 companies,Apply →
Rystad Energy,CONSULTING   ·   45 companies,Search →
ZS,CONSULTING   ·   45 companies,Search →
Kearney,CONSULTING   ·   45 companies,Apply →
L.E.K. Consulting,CONSULTING   ·   45 companies,Apply →
Strategy& (PwC),CONSULTING   ·   45 companies,Search →
Roland Berger,CONSULTING   ·   45 companies,Search →
Simon-Kucher,CONSULTING   ·   45 companies,Search →
Analysis Group,CONSULTING   ·   45 companies,Search →
Cornerstone Research,CONSULTING   ·   45 companies,Search →
NERA Economic Consulting,CONSULTING   ·   45 companies,Search →
Compass Lexecon,CONSULTING   ·   45 companies,Search →
The Brattle Group,CONSULTING   ·   45 companies,Search →
Edgeworth Economics,CONSULTING   ·   45 companies,Search →
Guidehouse,CONSULTING   ·   45 companies,Search →
West Monroe,CONSULTING   ·   45 companies,Search →
Point B,CONSULTING   ·   45 companies,Search →
Slalom Consulting,CONSULTING   ·   45 companies,Search →
Accenture Strategy,CONSULTING   ·   45 companies,Apply →
IBM Consulting,CONSULTING   ·   45 companies,Search →
Capgemini Invent,CONSULTING   ·   45 companies,Search →
Deloitte Consulting,CONSULTING   ·   45 companies,Search →
Booz Allen Hamilton,CONSULTING   ·   45 companies,Apply →
Putnam Associates,CONSULTING   ·   45 companies,Search →
ClearView Healthcare Partners,CONSULTING   ·   45 companies,Search →
Trinity Life Sciences,CONSULTING   ·   45 companies,Search →
Health Advances,CONSULTING   ·   45 companies,Search →
Precision Strategy Group,CONSULTING   ·   45 companies,Search →
Gartner Consulting,CONSULTING   ·   45 companies,Search →
Sia Partners,CONSULTING   ·   45 companies,Search →
Baringa Partners,CONSULTING   ·   45 companies,Search →
Corvus Group,CONSULTING   ·   45 companies,Search →
Putnam Consulting Group,CONSULTING   ·   45 companies,Search →
EY-Parthenon,CONSULTING   ·   45 companies,Search →
GSA Capital,TRADING & QUANT   ·   62 companies,Search →
TransMarket Group,TRADING & QUANT   ·   62 companies,Search →
Voloridge Investment Management,TRADING & QUANT   ·   62 companies,Search →
Aquatic Capital Management,TRADING & QUANT   ·   62 companies,Search →
Susquehanna International Group,TRADING & QUANT   ·   62 companies,Apply →
BP,TRADING & QUANT   ·   62 companies,Search →
GTS,TRADING & QUANT   ·   62 companies,Apply →
Musket,TRADING & QUANT   ·   62 companies,Search →
Castleton Commodities International,TRADING & QUANT   ·   62 companies,Search →
Chicago Trading Company,TRADING & QUANT   ·   62 companies,Apply →
DV Trading,TRADING & QUANT   ·   62 companies,Search →
Equinor,TRADING & QUANT   ·   62 companies,Search →
Gunvor,TRADING & QUANT   ·   62 companies,Search →
Quantbot Technologies,TRADING & QUANT   ·   62 companies,Search →
Shell,TRADING & QUANT   ·   62 companies,Search →
Squarepoint Capital,TRADING & QUANT   ·   62 companies,Search →
Talos,TRADING & QUANT   ·   62 companies,Search →
Trillium Trading,TRADING & QUANT   ·   62 companies,Search →
Xantium,TRADING & QUANT   ·   62 companies,Search →
DRW Trading,TRADING & QUANT   ·   62 companies,Apply →
DE Shaw & Co,TRADING & QUANT   ·   62 companies,Search →
PDT Partners,TRADING & QUANT   ·   62 companies,Search →
Radix Trading,TRADING & QUANT   ·   62 companies,Search →
Old Mission Capital,TRADING & QUANT   ·   62 companies,Search →
Vatic Investments,TRADING & QUANT   ·   62 companies,Search →
Simplex Trading,TRADING & QUANT   ·   62 companies,Search →
Peak6 Investments,TRADING & QUANT   ·   62 companies,Search →
Wolverine Asset Management,TRADING & QUANT   ·   62 companies,Search →
Millennium Quant,TRADING & QUANT   ·   62 companies,Search →
Point72 Cubist Systematic Strategies,TRADING & QUANT   ·   62 companies,Search →
WorldQuant,TRADING & QUANT   ·   62 companies,Search →
Voleon Group,TRADING & QUANT   ·   62 companies,Search →
Numerai,TRADING & QUANT   ·   62 companies,Search →
Bridgewater Systematic,TRADING & QUANT   ·   62 companies,Search →
Man AHL,TRADING & QUANT   ·   62 companies,Search →
Renaissance Technologies,TRADING & QUANT   ·   62 companies,Apply →
Qube Research & Technologies,TRADING & QUANT   ·   62 companies,Search →
Graham Global Investment Management,TRADING & QUANT   ·   62 companies,Search →
Quantitative Investment Management (QIM),TRADING & QUANT   ·   62 companies,Search →
Cubist Systematic Strategies,TRADING & QUANT   ·   62 companies,Search →
Engineers Gate,TRADING & QUANT   ·   62 companies,Search →
Skyline Trading,TRADING & QUANT   ·   62 companies,Search →
Akuna Capital Options Trading,TRADING & QUANT   ·   62 companies,Search →
Group One Trading (Susquehanna),TRADING & QUANT   ·   62 companies,Search →
Da Vinci Trading,TRADING & QUANT   ·   62 companies,Search →
Flow Traders US,TRADING & QUANT   ·   62 companies,Search →
Federated Insurance,"PENSIONS, ACTUARY & INSURANCE   ·   40 companies",Search →
Global Atlantic,"PENSIONS, ACTUARY & INSURANCE   ·   40 companies",Search →
MetLife,"PENSIONS, ACTUARY & INSURANCE   ·   40 companies",Apply →
Prudential Financial,"PENSIONS, ACTUARY & INSURANCE   ·   40 companies",Apply →
New York Life,"PENSIONS, ACTUARY & INSURANCE   ·   40 companies",Search →
Northwestern Mutual,"PENSIONS, ACTUARY & INSURANCE   ·   40 companies",Search →
MassMutual,"PENSIONS, ACTUARY & INSURANCE   ·   40 companies",Search →
Guardian Life,"PENSIONS, ACTUARY & INSURANCE   ·   40 companies",Search →
Sun Life Financial,"PENSIONS, ACTUARY & INSURANCE   ·   40 companies",Search →
Manulife,"PENSIONS, ACTUARY & INSURANCE   ·   40 companies",Search →
Principal Financial Group,"PENSIONS, ACTUARY & INSURANCE   ·   40 companies",Search →
Lincoln Financial Group,"PENSIONS, ACTUARY & INSURANCE   ·   40 companies",Search →
Unum Group,"PENSIONS, ACTUARY & INSURANCE   ·   40 companies",Search →
AIG,"PENSIONS, ACTUARY & INSURANCE   ·   40 companies",Apply →
Chubb,"PENSIONS, ACTUARY & INSURANCE   ·   40 companies",Apply →
Travelers,"PENSIONS, ACTUARY & INSURANCE   ·   40 companies",Apply →
Hartford Financial Services,"PENSIONS, ACTUARY & INSURANCE   ·   40 companies",Search →
Liberty Mutual,"PENSIONS, ACTUARY & INSURANCE   ·   40 companies",Apply →
Cincinnati Financial,"PENSIONS, ACTUARY & INSURANCE   ·   40 companies",Search →
Progressive Insurance,"PENSIONS, ACTUARY & INSURANCE   ·   40 companies",Apply →
Allstate,"PENSIONS, ACTUARY & INSURANCE   ·   40 companies",Apply →
State Farm,"PENSIONS, ACTUARY & INSURANCE   ·   40 companies",Apply →
Nationwide Insurance,"PENSIONS, ACTUARY & INSURANCE   ·   40 companies",Apply →
Erie Insurance,"PENSIONS, ACTUARY & INSURANCE   ·   40 companies",Search →
USAA,"PENSIONS, ACTUARY & INSURANCE   ·   40 companies",Search →
Aon,"PENSIONS, ACTUARY & INSURANCE   ·   40 companies",Apply →
Willis Towers Watson (WTW),"PENSIONS, ACTUARY & INSURANCE   ·   40 companies",Apply →
Marsh McLennan,"PENSIONS, ACTUARY & INSURANCE   ·   40 companies",Apply →
Milliman,"PENSIONS, ACTUARY & INSURANCE   ·   40 companies",Search →
Oliver Wyman Actuarial,"PENSIONS, ACTUARY & INSURANCE   ·   40 companies",Search →
Deloitte Actuarial Consulting,"PENSIONS, ACTUARY & INSURANCE   ·   40 companies",Search →
EY Actuarial Services,"PENSIONS, ACTUARY & INSURANCE   ·   40 companies",Search →
PwC Actuarial Services,"PENSIONS, ACTUARY & INSURANCE   ·   40 companies",Search →
KPMG Actuarial Services,"PENSIONS, ACTUARY & INSURANCE   ·   40 companies",Search →
Segal Group,"PENSIONS, ACTUARY & INSURANCE   ·   40 companies",Search →
CalPERS,"PENSIONS, ACTUARY & INSURANCE   ·   40 companies",Search →
CalSTRS,"PENSIONS, ACTUARY & INSURANCE   ·   40 companies",Search →
New York State Common Retirement Fund,"PENSIONS, ACTUARY & INSURANCE   ·   40 companies",Search →
Calibre CPA Group,ACCOUNTING & AUDIT   ·   60 companies,Search →
Geffen Mesher,ACCOUNTING & AUDIT   ·   60 companies,Search →
Moore Colson,ACCOUNTING & AUDIT   ·   60 companies,Search →
"Carr, Riggs & Ingram",ACCOUNTING & AUDIT   ·   60 companies,Search →
Sweeney Conrad,ACCOUNTING & AUDIT   ·   60 companies,Search →
Schneider Downs,ACCOUNTING & AUDIT   ·   60 companies,Search →
Enterprise Mobility,ACCOUNTING & AUDIT   ·   60 companies,Search →
KWC CPAs,ACCOUNTING & AUDIT   ·   60 companies,Search →
MMB+CO,ACCOUNTING & AUDIT   ·   60 companies,Search →
Naval Nuclear Laboratory,ACCOUNTING & AUDIT   ·   60 companies,Search →
Forvis Mazars,ACCOUNTING & AUDIT   ·   60 companies,Search →
Baker Tilly,ACCOUNTING & AUDIT   ·   60 companies,Search →
Johnson Lambert,ACCOUNTING & AUDIT   ·   60 companies,Search →
Bennett Thrasher,ACCOUNTING & AUDIT   ·   60 companies,Search →
Lumsden McCormack CPA,ACCOUNTING & AUDIT   ·   60 companies,Search →
RSM US,ACCOUNTING & AUDIT   ·   60 companies,Search →
CBIZ,ACCOUNTING & AUDIT   ·   60 companies,Search →
Grant Thornton,ACCOUNTING & AUDIT   ·   60 companies,Search →
Sensiba,ACCOUNTING & AUDIT   ·   60 companies,Search →
ATKG,ACCOUNTING & AUDIT   ·   60 companies,Search →
Cohen & Company,ACCOUNTING & AUDIT   ·   60 companies,Search →
CCK Strategies,ACCOUNTING & AUDIT   ·   60 companies,Search →
Wipfli,ACCOUNTING & AUDIT   ·   60 companies,Search →
Frazier & Deeter,ACCOUNTING & AUDIT   ·   60 companies,Search →
Perkins & Co,ACCOUNTING & AUDIT   ·   60 companies,Search →
CohnReznick,ACCOUNTING & AUDIT   ·   60 companies,Search →
Varney & Associates,ACCOUNTING & AUDIT   ·   60 companies,Search →
BGM,ACCOUNTING & AUDIT   ·   60 companies,Search →
BST,ACCOUNTING & AUDIT   ·   60 companies,Search →
Crowe LLP,ACCOUNTING & AUDIT   ·   60 companies,Search →
Plante Moran,ACCOUNTING & AUDIT   ·   60 companies,Search →
Marcum LLP,ACCOUNTING & AUDIT   ·   60 companies,Search →
EisnerAmper,ACCOUNTING & AUDIT   ·   60 companies,Search →
Withum,ACCOUNTING & AUDIT   ·   60 companies,Search →
Weaver,ACCOUNTING & AUDIT   ·   60 companies,Search →
Armanino LLP,ACCOUNTING & AUDIT   ·   60 companies,Search →
Moss Adams,ACCOUNTING & AUDIT   ·   60 companies,Search →
CliftonLarsonAllen (CLA),ACCOUNTING & AUDIT   ·   60 companies,Search →
Wipfli LLP,ACCOUNTING & AUDIT   ·   60 companies,Search →
Cherry Bekaert,ACCOUNTING & AUDIT   ·   60 companies,Search →
Whitley Penn,ACCOUNTING & AUDIT   ·   60 companies,Search →
Elliott Davis,ACCOUNTING & AUDIT   ·   60 companies,Search →
Warren Averett,ACCOUNTING & AUDIT   ·   60 companies,Search →
Dixon Hughes Goodman (Forvis),ACCOUNTING & AUDIT   ·   60 companies,Search →
LBMC,ACCOUNTING & AUDIT   ·   60 companies,Search →
HoganTaylor,ACCOUNTING & AUDIT   ·   60 companies,Search →
Rehmann,ACCOUNTING & AUDIT   ·   60 companies,Search →
Clark Nuber,ACCOUNTING & AUDIT   ·   60 companies,Search →
"Katz, Sapper & Miller",ACCOUNTING & AUDIT   ·   60 companies,Search →
Rea & Associates,ACCOUNTING & AUDIT   ·   60 companies,Search →
GBQ Partners,ACCOUNTING & AUDIT   ·   60 companies,Search →
Yeo & Yeo,ACCOUNTING & AUDIT   ·   60 companies,Search →
Doeren Mayhew,ACCOUNTING & AUDIT   ·   60 companies,Search →
UHY LLP,ACCOUNTING & AUDIT   ·   60 companies,Search →
Aprio,ACCOUNTING & AUDIT   ·   60 companies,Search →
Bennett Thrasher CPA,ACCOUNTING & AUDIT   ·   60 companies,Search →
Windes,ACCOUNTING & AUDIT   ·   60 companies,Search →
Vasquez & Company,ACCOUNTING & AUDIT   ·   60 companies,Search →
KROST CPAs,ACCOUNTING & AUDIT   ·   60 companies,Search →
AlphaSights,MISC (FAANG / TECH / SWE / DATA / SALES / CORPORATE)   ·   94 companies,Search →
Amazon,MISC (FAANG / TECH / SWE / DATA / SALES / CORPORATE)   ·   94 companies,Apply →
Cleveland Research Company,MISC (FAANG / TECH / SWE / DATA / SALES / CORPORATE)   ·   94 companies,Search →
Apple,MISC (FAANG / TECH / SWE / DATA / SALES / CORPORATE)   ·   94 companies,Apply →
Moody's,MISC (FAANG / TECH / SWE / DATA / SALES / CORPORATE)   ·   94 companies,Apply →
Armanino,MISC (FAANG / TECH / SWE / DATA / SALES / CORPORATE)   ·   94 companies,Search →
Brown Edwards,MISC (FAANG / TECH / SWE / DATA / SALES / CORPORATE)   ·   94 companies,Search →
CliftonLarsonAllen,MISC (FAANG / TECH / SWE / DATA / SALES / CORPORATE)   ·   94 companies,Search →
Connor Group,MISC (FAANG / TECH / SWE / DATA / SALES / CORPORATE)   ·   94 companies,Search →
Maxwell Locke & Ritter,MISC (FAANG / TECH / SWE / DATA / SALES / CORPORATE)   ·   94 companies,Search →
Pinion,MISC (FAANG / TECH / SWE / DATA / SALES / CORPORATE)   ·   94 companies,Search →
SBF Advisors,MISC (FAANG / TECH / SWE / DATA / SALES / CORPORATE)   ·   94 companies,Search →
Google,MISC (FAANG / TECH / SWE / DATA / SALES / CORPORATE)   ·   94 companies,Apply →
Meta,MISC (FAANG / TECH / SWE / DATA / SALES / CORPORATE)   ·   94 companies,Apply →
Microsoft,MISC (FAANG / TECH / SWE / DATA / SALES / CORPORATE)   ·   94 companies,Apply →
Netflix,MISC (FAANG / TECH / SWE / DATA / SALES / CORPORATE)   ·   94 companies,Apply →
Nvidia,MISC (FAANG / TECH / SWE / DATA / SALES / CORPORATE)   ·   94 companies,Apply →
Salesforce,MISC (FAANG / TECH / SWE / DATA / SALES / CORPORATE)   ·   94 companies,Apply →
Oracle,MISC (FAANG / TECH / SWE / DATA / SALES / CORPORATE)   ·   94 companies,Apply →
Stripe,MISC (FAANG / TECH / SWE / DATA / SALES / CORPORATE)   ·   94 companies,Apply →
Airbnb,MISC (FAANG / TECH / SWE / DATA / SALES / CORPORATE)   ·   94 companies,Apply →
Uber,MISC (FAANG / TECH / SWE / DATA / SALES / CORPORATE)   ·   94 companies,Apply →
Palantir Technologies,MISC (FAANG / TECH / SWE / DATA / SALES / CORPORATE)   ·   94 companies,Apply →
Snowflake,MISC (FAANG / TECH / SWE / DATA / SALES / CORPORATE)   ·   94 companies,Apply →
Databricks,MISC (FAANG / TECH / SWE / DATA / SALES / CORPORATE)   ·   94 companies,Apply →
OpenAI,MISC (FAANG / TECH / SWE / DATA / SALES / CORPORATE)   ·   94 companies,Apply →
Anthropic,MISC (FAANG / TECH / SWE / DATA / SALES / CORPORATE)   ·   94 companies,Apply →
ByteDance,MISC (FAANG / TECH / SWE / DATA / SALES / CORPORATE)   ·   94 companies,Apply →
LinkedIn,MISC (FAANG / TECH / SWE / DATA / SALES / CORPORATE)   ·   94 companies,Apply →
Adobe,MISC (FAANG / TECH / SWE / DATA / SALES / CORPORATE)   ·   94 companies,Apply →
Intel,MISC (FAANG / TECH / SWE / DATA / SALES / CORPORATE)   ·   94 companies,Apply →
IBM,MISC (FAANG / TECH / SWE / DATA / SALES / CORPORATE)   ·   94 companies,Apply →
Visa,MISC (FAANG / TECH / SWE / DATA / SALES / CORPORATE)   ·   94 companies,Apply →
Mastercard,MISC (FAANG / TECH / SWE / DATA / SALES / CORPORATE)   ·   94 companies,Apply →
PayPal,MISC (FAANG / TECH / SWE / DATA / SALES / CORPORATE)   ·   94 companies,Search →
Block (Square),MISC (FAANG / TECH / SWE / DATA / SALES / CORPORATE)   ·   94 companies,Search →
Coinbase,MISC (FAANG / TECH / SWE / DATA / SALES / CORPORATE)   ·   94 companies,Search →
Robinhood,MISC (FAANG / TECH / SWE / DATA / SALES / CORPORATE)   ·   94 companies,Search →
S&P Global,MISC (FAANG / TECH / SWE / DATA / SALES / CORPORATE)   ·   94 companies,Apply →
Moody's Analytics,MISC (FAANG / TECH / SWE / DATA / SALES / CORPORATE)   ·   94 companies,Search →
Fitch Ratings,MISC (FAANG / TECH / SWE / DATA / SALES / CORPORATE)   ·   94 companies,Search →
Bloomberg,MISC (FAANG / TECH / SWE / DATA / SALES / CORPORATE)   ·   94 companies,Apply →
MSCI,MISC (FAANG / TECH / SWE / DATA / SALES / CORPORATE)   ·   94 companies,Apply →
Refinitiv (LSEG),MISC (FAANG / TECH / SWE / DATA / SALES / CORPORATE)   ·   94 companies,Search →
ICE (Intercontinental Exchange),MISC (FAANG / TECH / SWE / DATA / SALES / CORPORATE)   ·   94 companies,Search →
Nasdaq,MISC (FAANG / TECH / SWE / DATA / SALES / CORPORATE)   ·   94 companies,Apply →
CME Group,MISC (FAANG / TECH / SWE / DATA / SALES / CORPORATE)   ·   94 companies,Apply →
Cboe Global Markets,MISC (FAANG / TECH / SWE / DATA / SALES / CORPORATE)   ·   94 companies,Search →
Deloitte Digital,MISC (FAANG / TECH / SWE / DATA / SALES / CORPORATE)   ·   94 companies,Search →
Procter & Gamble,MISC (FAANG / TECH / SWE / DATA / SALES / CORPORATE)   ·   94 companies,Search →
PepsiCo,MISC (FAANG / TECH / SWE / DATA / SALES / CORPORATE)   ·   94 companies,Search →
Coca-Cola,MISC (FAANG / TECH / SWE / DATA / SALES / CORPORATE)   ·   94 companies,Search →
Johnson & Johnson,MISC (FAANG / TECH / SWE / DATA / SALES / CORPORATE)   ·   94 companies,Search →
General Electric,MISC (FAANG / TECH / SWE / DATA / SALES / CORPORATE)   ·   94 companies,Search →
General Motors,MISC (FAANG / TECH / SWE / DATA / SALES / CORPORATE)   ·   94 companies,Search →
Ford Motor Company,MISC (FAANG / TECH / SWE / DATA / SALES / CORPORATE)   ·   94 companies,Search →
Tesla,MISC (FAANG / TECH / SWE / DATA / SALES / CORPORATE)   ·   94 companies,Search →
ExxonMobil,MISC (FAANG / TECH / SWE / DATA / SALES / CORPORATE)   ·   94 companies,Search →
Chevron,MISC (FAANG / TECH / SWE / DATA / SALES / CORPORATE)   ·   94 companies,Search →
Qualcomm,MISC (FAANG / TECH / SWE / DATA / SALES / CORPORATE)   ·   94 companies,Search →
Cisco Systems,MISC (FAANG / TECH / SWE / DATA / SALES / CORPORATE)   ·   94 companies,Search →
Dell Technologies,MISC (FAANG / TECH / SWE / DATA / SALES / CORPORATE)   ·   94 companies,Search →
HP Inc.,MISC (FAANG / TECH / SWE / DATA / SALES / CORPORATE)   ·   94 companies,Search →
Texas Instruments,MISC (FAANG / TECH / SWE / DATA / SALES / CORPORATE)   ·   94 companies,Search →
Broadcom,MISC (FAANG / TECH / SWE / DATA / SALES / CORPORATE)   ·   94 companies,Search →
Verizon,MISC (FAANG / TECH / SWE / DATA / SALES / CORPORATE)   ·   94 companies,Search →
AT&T,MISC (FAANG / TECH / SWE / DATA / SALES / CORPORATE)   ·   94 companies,Search →
T-Mobile US,MISC (FAANG / TECH / SWE / DATA / SALES / CORPORATE)   ·   94 companies,Search →
Disney,MISC (FAANG / TECH / SWE / DATA / SALES / CORPORATE)   ·   94 companies,Search →
Warner Bros. Discovery,MISC (FAANG / TECH / SWE / DATA / SALES / CORPORATE)   ·   94 companies,Search →
Comcast NBCUniversal,MISC (FAANG / TECH / SWE / DATA / SALES / CORPORATE)   ·   94 companies,Search →
Nike,MISC (FAANG / TECH / SWE / DATA / SALES / CORPORATE)   ·   94 companies,Search →
Target Corporation,MISC (FAANG / TECH / SWE / DATA / SALES / CORPORATE)   ·   94 companies,Search →
Walmart,MISC (FAANG / TECH / SWE / DATA / SALES / CORPORATE)   ·   94 companies,Search →
Costco Wholesale,MISC (FAANG / TECH / SWE / DATA / SALES / CORPORATE)   ·   94 companies,Search →
Home Depot,MISC (FAANG / TECH / SWE / DATA / SALES / CORPORATE)   ·   94 companies,Search →
Lowe's,MISC (FAANG / TECH / SWE / DATA / SALES / CORPORATE)   ·   94 companies,Search →
UPS,MISC (FAANG / TECH / SWE / DATA / SALES / CORPORATE)   ·   94 companies,Search →
FedEx,MISC (FAANG / TECH / SWE / DATA / SALES / CORPORATE)   ·   94 companies,Search →
Boeing,MISC (FAANG / TECH / SWE / DATA / SALES / CORPORATE)   ·   94 companies,Search →
Lockheed Martin,MISC (FAANG / TECH / SWE / DATA / SALES / CORPORATE)   ·   94 companies,Search →
Raytheon (RTX),MISC (FAANG / TECH / SWE / DATA / SALES / CORPORATE)   ·   94 companies,Search →
Honeywell,MISC (FAANG / TECH / SWE / DATA / SALES / CORPORATE)   ·   94 companies,Search →
3M,MISC (FAANG / TECH / SWE / DATA / SALES / CORPORATE)   ·   94 companies,Search →
Caterpillar,MISC (FAANG / TECH / SWE / DATA / SALES / CORPORATE)   ·   94 companies,Search →
Deere & Company,MISC (FAANG / TECH / SWE / DATA / SALES / CORPORATE)   ·   94 companies,Search →
D.E. Shaw Research,MATH & RESEARCH   ·   44 companies,Search →
Institute for Advanced Study (IAS),MATH & RESEARCH   ·   44 companies,Search →
RAND Corporation,MATH & RESEARCH   ·   44 companies,Search →
IDA (Institute for Defense Analyses),MATH & RESEARCH   ·   44 companies,Search →
National Security Agency (NSA),MATH & RESEARCH   ·   44 companies,Search →
Los Alamos National Laboratory,MATH & RESEARCH   ·   44 companies,Search →
Lawrence Livermore National Laboratory,MATH & RESEARCH   ·   44 companies,Search →
Sandia National Laboratories,MATH & RESEARCH   ·   44 companies,Search →
Oak Ridge National Laboratory,MATH & RESEARCH   ·   44 companies,Search →
Brookhaven National Laboratory,MATH & RESEARCH   ·   44 companies,Search →
Fermilab,MATH & RESEARCH   ·   44 companies,Search →
NASA Jet Propulsion Laboratory,MATH & RESEARCH   ·   44 companies,Search →
Center for Communications Research (CCR-Princeton),MATH & RESEARCH   ·   44 companies,Search →
Center for Communications Research (CCR-La Jolla),MATH & RESEARCH   ·   44 companies,Search →
MIT Lincoln Laboratory,MATH & RESEARCH   ·   44 companies,Search →
American Institute of Mathematics (AIM),MATH & RESEARCH   ·   44 companies,Search →
Simons Foundation / Flatiron Institute,MATH & RESEARCH   ·   44 companies,Search →
MSRI / SLMath,MATH & RESEARCH   ·   44 companies,Search →
PROMYS (Program in Mathematics for Young Scientists),MATH & RESEARCH   ·   44 companies,Search →
Ross Mathematics Program,MATH & RESEARCH   ·   44 companies,Search →
Budapest Semesters in Mathematics,MATH & RESEARCH   ·   44 companies,Search →
REU (NSF Research Experience for Undergraduates - Math),MATH & RESEARCH   ·   44 companies,Search →
Susquehanna International Group Research,MATH & RESEARCH   ·   44 companies,Search →
XTX Markets,MATH & RESEARCH   ·   44 companies,Apply →
Hudson River Trading Research,MATH & RESEARCH   ·   44 companies,Search →
Citadel Securities Research,MATH & RESEARCH   ·   44 companies,Search →
DRW Research,MATH & RESEARCH   ·   44 companies,Search →
Federal Reserve Board,MATH & RESEARCH   ·   44 companies,Search →
Federal Reserve Bank of New York,MATH & RESEARCH   ·   44 companies,Search →
Federal Reserve Bank of Chicago,MATH & RESEARCH   ·   44 companies,Search →
National Bureau of Economic Research (NBER),MATH & RESEARCH   ·   44 companies,Search →
Bank for International Settlements (BIS),MATH & RESEARCH   ·   44 companies,Search →
World Bank,MATH & RESEARCH   ·   44 companies,Search →
International Monetary Fund (IMF),MATH & RESEARCH   ·   44 companies,Search →
Cornell Financial Engineering Manhattan (CFEM),MATH & RESEARCH   ·   44 companies,Search →
NYU Courant Mathematical Finance Practicum,MATH & RESEARCH   ·   44 companies,Search →
University of Waterloo C&O Research Assistantship,MATH & RESEARCH   ·   44 companies,Search →
Fields Institute,MATH & RESEARCH   ·   44 companies,Search →
Perimeter Institute for Theoretical Physics,MATH & RESEARCH   ·   44 companies,Search →
Vector Institute,MATH & RESEARCH   ·   44 companies,Search →
Bank of Canada,MATH & RESEARCH   ·   44 companies,Search →
